LARGE_DATA_ID	STRING_INDEX	STRING_NO_INDEX	STRING_UNIQUE_INDEX	INTFLG_INDEX	NUMERIC_INTEGER_INDEX	NUMERIC_INTEGER_NO_INDEX
1	foo1	foo1	foo1	1	1	1
2	foo2	foo2	foo2	0	2	2
3	foo3	foo3	foo3	1	3	3
4	foo4	foo4	foo4	0	4	4
5	foo5	foo5	foo5	1	5	5
6	foo6	foo6	foo6	0	6	6
7	foo7	foo7	foo7	1	7	7
8	foo8	foo8	foo8	0	8	8
9	foo9	foo9	foo9	1	9	9
10	foo10	foo10	foo10	0	10	10
11	foo11	foo11	foo11	1	11	11
12	foo12	foo12	foo12	0	12	12
13	foo13	foo13	foo13	1	13	13
14	foo14	foo14	foo14	0	14	14
15	foo15	foo15	foo15	1	15	15
16	foo16	foo16	foo16	0	16	16
17	foo17	foo17	foo17	1	17	17
18	foo18	foo18	foo18	0	18	18
19	foo19	foo19	foo19	1	19	19
20	foo20	foo20	foo20	0	20	20
21	foo21	foo21	foo21	1	21	21
22	foo22	foo22	foo22	0	22	22
23	foo23	foo23	foo23	1	23	23
24	foo24	foo24	foo24	0	24	24
25	foo25	foo25	foo25	1	25	25
26	foo26	foo26	foo26	0	26	26
27	foo27	foo27	foo27	1	27	27
28	foo28	foo28	foo28	0	28	28
29	foo29	foo29	foo29	1	29	29
30	foo30	foo30	foo30	0	30	30
31	foo31	foo31	foo31	1	31	31
32	foo32	foo32	foo32	0	32	32
33	foo33	foo33	foo33	1	33	33
34	foo34	foo34	foo34	0	34	34
35	foo35	foo35	foo35	1	35	35
36	foo36	foo36	foo36	0	36	36
37	foo37	foo37	foo37	1	37	37
38	foo38	foo38	foo38	0	38	38
39	foo39	foo39	foo39	1	39	39
40	foo40	foo40	foo40	0	40	40
41	foo41	foo41	foo41	1	41	41
42	foo42	foo42	foo42	0	42	42
43	foo43	foo43	foo43	1	43	43
44	foo44	foo44	foo44	0	44	44
45	foo45	foo45	foo45	1	45	45
46	foo46	foo46	foo46	0	46	46
47	foo47	foo47	foo47	1	47	47
48	foo48	foo48	foo48	0	48	48
49	foo49	foo49	foo49	1	49	49
50	foo50	foo50	foo50	0	50	50
51	foo51	foo51	foo51	1	51	51
52	foo52	foo52	foo52	0	52	52
53	foo53	foo53	foo53	1	53	53
54	foo54	foo54	foo54	0	54	54
55	foo55	foo55	foo55	1	55	55
56	foo56	foo56	foo56	0	56	56
57	foo57	foo57	foo57	1	57	57
58	foo58	foo58	foo58	0	58	58
59	foo59	foo59	foo59	1	59	59
60	foo60	foo60	foo60	0	60	60
61	foo61	foo61	foo61	1	61	61
62	foo62	foo62	foo62	0	62	62
63	foo63	foo63	foo63	1	63	63
64	foo64	foo64	foo64	0	64	64
65	foo65	foo65	foo65	1	65	65
66	foo66	foo66	foo66	0	66	66
67	foo67	foo67	foo67	1	67	67
68	foo68	foo68	foo68	0	68	68
69	foo69	foo69	foo69	1	69	69
70	foo70	foo70	foo70	0	70	70
71	foo71	foo71	foo71	1	71	71
72	foo72	foo72	foo72	0	72	72
73	foo73	foo73	foo73	1	73	73
74	foo74	foo74	foo74	0	74	74
75	foo75	foo75	foo75	1	75	75
76	foo76	foo76	foo76	0	76	76
77	foo77	foo77	foo77	1	77	77
78	foo78	foo78	foo78	0	78	78
79	foo79	foo79	foo79	1	79	79
80	foo80	foo80	foo80	0	80	80
81	foo81	foo81	foo81	1	81	81
82	foo82	foo82	foo82	0	82	82
83	foo83	foo83	foo83	1	83	83
84	foo84	foo84	foo84	0	84	84
85	foo85	foo85	foo85	1	85	85
86	foo86	foo86	foo86	0	86	86
87	foo87	foo87	foo87	1	87	87
88	foo88	foo88	foo88	0	88	88
89	foo89	foo89	foo89	1	89	89
90	foo90	foo90	foo90	0	90	90
91	foo91	foo91	foo91	1	91	91
92	foo92	foo92	foo92	0	92	92
93	foo93	foo93	foo93	1	93	93
94	foo94	foo94	foo94	0	94	94
95	foo95	foo95	foo95	1	95	95
96	foo96	foo96	foo96	0	96	96
97	foo97	foo97	foo97	1	97	97
98	foo98	foo98	foo98	0	98	98
99	foo99	foo99	foo99	1	99	99
100	foo100	foo100	foo100	0	100	100
101	foo101	foo101	foo101	1	101	101
102	foo102	foo102	foo102	0	102	102
103	foo103	foo103	foo103	1	103	103
104	foo104	foo104	foo104	0	104	104
105	foo105	foo105	foo105	1	105	105
106	foo106	foo106	foo106	0	106	106
107	foo107	foo107	foo107	1	107	107
108	foo108	foo108	foo108	0	108	108
109	foo109	foo109	foo109	1	109	109
110	foo110	foo110	foo110	0	110	110
111	foo111	foo111	foo111	1	111	111
112	foo112	foo112	foo112	0	112	112
113	foo113	foo113	foo113	1	113	113
114	foo114	foo114	foo114	0	114	114
115	foo115	foo115	foo115	1	115	115
116	foo116	foo116	foo116	0	116	116
117	foo117	foo117	foo117	1	117	117
118	foo118	foo118	foo118	0	118	118
119	foo119	foo119	foo119	1	119	119
120	foo120	foo120	foo120	0	120	120
121	foo121	foo121	foo121	1	121	121
122	foo122	foo122	foo122	0	122	122
123	foo123	foo123	foo123	1	123	123
124	foo124	foo124	foo124	0	124	124
125	foo125	foo125	foo125	1	125	125
126	foo126	foo126	foo126	0	126	126
127	foo127	foo127	foo127	1	127	127
128	foo128	foo128	foo128	0	128	128
129	foo129	foo129	foo129	1	129	129
130	foo130	foo130	foo130	0	130	130
131	foo131	foo131	foo131	1	131	131
132	foo132	foo132	foo132	0	132	132
133	foo133	foo133	foo133	1	133	133
134	foo134	foo134	foo134	0	134	134
135	foo135	foo135	foo135	1	135	135
136	foo136	foo136	foo136	0	136	136
137	foo137	foo137	foo137	1	137	137
138	foo138	foo138	foo138	0	138	138
139	foo139	foo139	foo139	1	139	139
140	foo140	foo140	foo140	0	140	140
141	foo141	foo141	foo141	1	141	141
142	foo142	foo142	foo142	0	142	142
143	foo143	foo143	foo143	1	143	143
144	foo144	foo144	foo144	0	144	144
145	foo145	foo145	foo145	1	145	145
146	foo146	foo146	foo146	0	146	146
147	foo147	foo147	foo147	1	147	147
148	foo148	foo148	foo148	0	148	148
149	foo149	foo149	foo149	1	149	149
150	foo150	foo150	foo150	0	150	150
151	foo151	foo151	foo151	1	151	151
152	foo152	foo152	foo152	0	152	152
153	foo153	foo153	foo153	1	153	153
154	foo154	foo154	foo154	0	154	154
155	foo155	foo155	foo155	1	155	155
156	foo156	foo156	foo156	0	156	156
157	foo157	foo157	foo157	1	157	157
158	foo158	foo158	foo158	0	158	158
159	foo159	foo159	foo159	1	159	159
160	foo160	foo160	foo160	0	160	160
161	foo161	foo161	foo161	1	161	161
162	foo162	foo162	foo162	0	162	162
163	foo163	foo163	foo163	1	163	163
164	foo164	foo164	foo164	0	164	164
165	foo165	foo165	foo165	1	165	165
166	foo166	foo166	foo166	0	166	166
167	foo167	foo167	foo167	1	167	167
168	foo168	foo168	foo168	0	168	168
169	foo169	foo169	foo169	1	169	169
170	foo170	foo170	foo170	0	170	170
171	foo171	foo171	foo171	1	171	171
172	foo172	foo172	foo172	0	172	172
173	foo173	foo173	foo173	1	173	173
174	foo174	foo174	foo174	0	174	174
175	foo175	foo175	foo175	1	175	175
176	foo176	foo176	foo176	0	176	176
177	foo177	foo177	foo177	1	177	177
178	foo178	foo178	foo178	0	178	178
179	foo179	foo179	foo179	1	179	179
180	foo180	foo180	foo180	0	180	180
181	foo181	foo181	foo181	1	181	181
182	foo182	foo182	foo182	0	182	182
183	foo183	foo183	foo183	1	183	183
184	foo184	foo184	foo184	0	184	184
185	foo185	foo185	foo185	1	185	185
186	foo186	foo186	foo186	0	186	186
187	foo187	foo187	foo187	1	187	187
188	foo188	foo188	foo188	0	188	188
189	foo189	foo189	foo189	1	189	189
190	foo190	foo190	foo190	0	190	190
191	foo191	foo191	foo191	1	191	191
192	foo192	foo192	foo192	0	192	192
193	foo193	foo193	foo193	1	193	193
194	foo194	foo194	foo194	0	194	194
195	foo195	foo195	foo195	1	195	195
196	foo196	foo196	foo196	0	196	196
197	foo197	foo197	foo197	1	197	197
198	foo198	foo198	foo198	0	198	198
199	foo199	foo199	foo199	1	199	199
200	foo200	foo200	foo200	0	200	200
201	foo201	foo201	foo201	1	201	201
202	foo202	foo202	foo202	0	202	202
203	foo203	foo203	foo203	1	203	203
204	foo204	foo204	foo204	0	204	204
205	foo205	foo205	foo205	1	205	205
206	foo206	foo206	foo206	0	206	206
207	foo207	foo207	foo207	1	207	207
208	foo208	foo208	foo208	0	208	208
209	foo209	foo209	foo209	1	209	209
210	foo210	foo210	foo210	0	210	210
211	foo211	foo211	foo211	1	211	211
212	foo212	foo212	foo212	0	212	212
213	foo213	foo213	foo213	1	213	213
214	foo214	foo214	foo214	0	214	214
215	foo215	foo215	foo215	1	215	215
216	foo216	foo216	foo216	0	216	216
217	foo217	foo217	foo217	1	217	217
218	foo218	foo218	foo218	0	218	218
219	foo219	foo219	foo219	1	219	219
220	foo220	foo220	foo220	0	220	220
221	foo221	foo221	foo221	1	221	221
222	foo222	foo222	foo222	0	222	222
223	foo223	foo223	foo223	1	223	223
224	foo224	foo224	foo224	0	224	224
225	foo225	foo225	foo225	1	225	225
226	foo226	foo226	foo226	0	226	226
227	foo227	foo227	foo227	1	227	227
228	foo228	foo228	foo228	0	228	228
229	foo229	foo229	foo229	1	229	229
230	foo230	foo230	foo230	0	230	230
231	foo231	foo231	foo231	1	231	231
232	foo232	foo232	foo232	0	232	232
233	foo233	foo233	foo233	1	233	233
234	foo234	foo234	foo234	0	234	234
235	foo235	foo235	foo235	1	235	235
236	foo236	foo236	foo236	0	236	236
237	foo237	foo237	foo237	1	237	237
238	foo238	foo238	foo238	0	238	238
239	foo239	foo239	foo239	1	239	239
240	foo240	foo240	foo240	0	240	240
241	foo241	foo241	foo241	1	241	241
242	foo242	foo242	foo242	0	242	242
243	foo243	foo243	foo243	1	243	243
244	foo244	foo244	foo244	0	244	244
245	foo245	foo245	foo245	1	245	245
246	foo246	foo246	foo246	0	246	246
247	foo247	foo247	foo247	1	247	247
248	foo248	foo248	foo248	0	248	248
249	foo249	foo249	foo249	1	249	249
250	foo250	foo250	foo250	0	250	250
251	foo251	foo251	foo251	1	251	251
252	foo252	foo252	foo252	0	252	252
253	foo253	foo253	foo253	1	253	253
254	foo254	foo254	foo254	0	254	254
255	foo255	foo255	foo255	1	255	255
256	foo256	foo256	foo256	0	256	256
257	foo257	foo257	foo257	1	257	257
258	foo258	foo258	foo258	0	258	258
259	foo259	foo259	foo259	1	259	259
260	foo260	foo260	foo260	0	260	260
261	foo261	foo261	foo261	1	261	261
262	foo262	foo262	foo262	0	262	262
263	foo263	foo263	foo263	1	263	263
264	foo264	foo264	foo264	0	264	264
265	foo265	foo265	foo265	1	265	265
266	foo266	foo266	foo266	0	266	266
267	foo267	foo267	foo267	1	267	267
268	foo268	foo268	foo268	0	268	268
269	foo269	foo269	foo269	1	269	269
270	foo270	foo270	foo270	0	270	270
271	foo271	foo271	foo271	1	271	271
272	foo272	foo272	foo272	0	272	272
273	foo273	foo273	foo273	1	273	273
274	foo274	foo274	foo274	0	274	274
275	foo275	foo275	foo275	1	275	275
276	foo276	foo276	foo276	0	276	276
277	foo277	foo277	foo277	1	277	277
278	foo278	foo278	foo278	0	278	278
279	foo279	foo279	foo279	1	279	279
280	foo280	foo280	foo280	0	280	280
281	foo281	foo281	foo281	1	281	281
282	foo282	foo282	foo282	0	282	282
283	foo283	foo283	foo283	1	283	283
284	foo284	foo284	foo284	0	284	284
285	foo285	foo285	foo285	1	285	285
286	foo286	foo286	foo286	0	286	286
287	foo287	foo287	foo287	1	287	287
288	foo288	foo288	foo288	0	288	288
289	foo289	foo289	foo289	1	289	289
290	foo290	foo290	foo290	0	290	290
291	foo291	foo291	foo291	1	291	291
292	foo292	foo292	foo292	0	292	292
293	foo293	foo293	foo293	1	293	293
294	foo294	foo294	foo294	0	294	294
295	foo295	foo295	foo295	1	295	295
296	foo296	foo296	foo296	0	296	296
297	foo297	foo297	foo297	1	297	297
298	foo298	foo298	foo298	0	298	298
299	foo299	foo299	foo299	1	299	299
300	foo300	foo300	foo300	0	300	300
301	foo301	foo301	foo301	1	301	301
302	foo302	foo302	foo302	0	302	302
303	foo303	foo303	foo303	1	303	303
304	foo304	foo304	foo304	0	304	304
305	foo305	foo305	foo305	1	305	305
306	foo306	foo306	foo306	0	306	306
307	foo307	foo307	foo307	1	307	307
308	foo308	foo308	foo308	0	308	308
309	foo309	foo309	foo309	1	309	309
310	foo310	foo310	foo310	0	310	310
311	foo311	foo311	foo311	1	311	311
312	foo312	foo312	foo312	0	312	312
313	foo313	foo313	foo313	1	313	313
314	foo314	foo314	foo314	0	314	314
315	foo315	foo315	foo315	1	315	315
316	foo316	foo316	foo316	0	316	316
317	foo317	foo317	foo317	1	317	317
318	foo318	foo318	foo318	0	318	318
319	foo319	foo319	foo319	1	319	319
320	foo320	foo320	foo320	0	320	320
321	foo321	foo321	foo321	1	321	321
322	foo322	foo322	foo322	0	322	322
323	foo323	foo323	foo323	1	323	323
324	foo324	foo324	foo324	0	324	324
325	foo325	foo325	foo325	1	325	325
326	foo326	foo326	foo326	0	326	326
327	foo327	foo327	foo327	1	327	327
328	foo328	foo328	foo328	0	328	328
329	foo329	foo329	foo329	1	329	329
330	foo330	foo330	foo330	0	330	330
331	foo331	foo331	foo331	1	331	331
332	foo332	foo332	foo332	0	332	332
333	foo333	foo333	foo333	1	333	333
334	foo334	foo334	foo334	0	334	334
335	foo335	foo335	foo335	1	335	335
336	foo336	foo336	foo336	0	336	336
337	foo337	foo337	foo337	1	337	337
338	foo338	foo338	foo338	0	338	338
339	foo339	foo339	foo339	1	339	339
340	foo340	foo340	foo340	0	340	340
341	foo341	foo341	foo341	1	341	341
342	foo342	foo342	foo342	0	342	342
343	foo343	foo343	foo343	1	343	343
344	foo344	foo344	foo344	0	344	344
345	foo345	foo345	foo345	1	345	345
346	foo346	foo346	foo346	0	346	346
347	foo347	foo347	foo347	1	347	347
348	foo348	foo348	foo348	0	348	348
349	foo349	foo349	foo349	1	349	349
350	foo350	foo350	foo350	0	350	350
351	foo351	foo351	foo351	1	351	351
352	foo352	foo352	foo352	0	352	352
353	foo353	foo353	foo353	1	353	353
354	foo354	foo354	foo354	0	354	354
355	foo355	foo355	foo355	1	355	355
356	foo356	foo356	foo356	0	356	356
357	foo357	foo357	foo357	1	357	357
358	foo358	foo358	foo358	0	358	358
359	foo359	foo359	foo359	1	359	359
360	foo360	foo360	foo360	0	360	360
361	foo361	foo361	foo361	1	361	361
362	foo362	foo362	foo362	0	362	362
363	foo363	foo363	foo363	1	363	363
364	foo364	foo364	foo364	0	364	364
365	foo365	foo365	foo365	1	365	365
366	foo366	foo366	foo366	0	366	366
367	foo367	foo367	foo367	1	367	367
368	foo368	foo368	foo368	0	368	368
369	foo369	foo369	foo369	1	369	369
370	foo370	foo370	foo370	0	370	370
371	foo371	foo371	foo371	1	371	371
372	foo372	foo372	foo372	0	372	372
373	foo373	foo373	foo373	1	373	373
374	foo374	foo374	foo374	0	374	374
375	foo375	foo375	foo375	1	375	375
376	foo376	foo376	foo376	0	376	376
377	foo377	foo377	foo377	1	377	377
378	foo378	foo378	foo378	0	378	378
379	foo379	foo379	foo379	1	379	379
380	foo380	foo380	foo380	0	380	380
381	foo381	foo381	foo381	1	381	381
382	foo382	foo382	foo382	0	382	382
383	foo383	foo383	foo383	1	383	383
384	foo384	foo384	foo384	0	384	384
385	foo385	foo385	foo385	1	385	385
386	foo386	foo386	foo386	0	386	386
387	foo387	foo387	foo387	1	387	387
388	foo388	foo388	foo388	0	388	388
389	foo389	foo389	foo389	1	389	389
390	foo390	foo390	foo390	0	390	390
391	foo391	foo391	foo391	1	391	391
392	foo392	foo392	foo392	0	392	392
393	foo393	foo393	foo393	1	393	393
394	foo394	foo394	foo394	0	394	394
395	foo395	foo395	foo395	1	395	395
396	foo396	foo396	foo396	0	396	396
397	foo397	foo397	foo397	1	397	397
398	foo398	foo398	foo398	0	398	398
399	foo399	foo399	foo399	1	399	399
400	foo400	foo400	foo400	0	400	400
401	foo401	foo401	foo401	1	401	401
402	foo402	foo402	foo402	0	402	402
403	foo403	foo403	foo403	1	403	403
404	foo404	foo404	foo404	0	404	404
405	foo405	foo405	foo405	1	405	405
406	foo406	foo406	foo406	0	406	406
407	foo407	foo407	foo407	1	407	407
408	foo408	foo408	foo408	0	408	408
409	foo409	foo409	foo409	1	409	409
410	foo410	foo410	foo410	0	410	410
411	foo411	foo411	foo411	1	411	411
412	foo412	foo412	foo412	0	412	412
413	foo413	foo413	foo413	1	413	413
414	foo414	foo414	foo414	0	414	414
415	foo415	foo415	foo415	1	415	415
416	foo416	foo416	foo416	0	416	416
417	foo417	foo417	foo417	1	417	417
418	foo418	foo418	foo418	0	418	418
419	foo419	foo419	foo419	1	419	419
420	foo420	foo420	foo420	0	420	420
421	foo421	foo421	foo421	1	421	421
422	foo422	foo422	foo422	0	422	422
423	foo423	foo423	foo423	1	423	423
424	foo424	foo424	foo424	0	424	424
425	foo425	foo425	foo425	1	425	425
426	foo426	foo426	foo426	0	426	426
427	foo427	foo427	foo427	1	427	427
428	foo428	foo428	foo428	0	428	428
429	foo429	foo429	foo429	1	429	429
430	foo430	foo430	foo430	0	430	430
431	foo431	foo431	foo431	1	431	431
432	foo432	foo432	foo432	0	432	432
433	foo433	foo433	foo433	1	433	433
434	foo434	foo434	foo434	0	434	434
435	foo435	foo435	foo435	1	435	435
436	foo436	foo436	foo436	0	436	436
437	foo437	foo437	foo437	1	437	437
438	foo438	foo438	foo438	0	438	438
439	foo439	foo439	foo439	1	439	439
440	foo440	foo440	foo440	0	440	440
441	foo441	foo441	foo441	1	441	441
442	foo442	foo442	foo442	0	442	442
443	foo443	foo443	foo443	1	443	443
444	foo444	foo444	foo444	0	444	444
445	foo445	foo445	foo445	1	445	445
446	foo446	foo446	foo446	0	446	446
447	foo447	foo447	foo447	1	447	447
448	foo448	foo448	foo448	0	448	448
449	foo449	foo449	foo449	1	449	449
450	foo450	foo450	foo450	0	450	450
451	foo451	foo451	foo451	1	451	451
452	foo452	foo452	foo452	0	452	452
453	foo453	foo453	foo453	1	453	453
454	foo454	foo454	foo454	0	454	454
455	foo455	foo455	foo455	1	455	455
456	foo456	foo456	foo456	0	456	456
457	foo457	foo457	foo457	1	457	457
458	foo458	foo458	foo458	0	458	458
459	foo459	foo459	foo459	1	459	459
460	foo460	foo460	foo460	0	460	460
461	foo461	foo461	foo461	1	461	461
462	foo462	foo462	foo462	0	462	462
463	foo463	foo463	foo463	1	463	463
464	foo464	foo464	foo464	0	464	464
465	foo465	foo465	foo465	1	465	465
466	foo466	foo466	foo466	0	466	466
467	foo467	foo467	foo467	1	467	467
468	foo468	foo468	foo468	0	468	468
469	foo469	foo469	foo469	1	469	469
470	foo470	foo470	foo470	0	470	470
471	foo471	foo471	foo471	1	471	471
472	foo472	foo472	foo472	0	472	472
473	foo473	foo473	foo473	1	473	473
474	foo474	foo474	foo474	0	474	474
475	foo475	foo475	foo475	1	475	475
476	foo476	foo476	foo476	0	476	476
477	foo477	foo477	foo477	1	477	477
478	foo478	foo478	foo478	0	478	478
479	foo479	foo479	foo479	1	479	479
480	foo480	foo480	foo480	0	480	480
481	foo481	foo481	foo481	1	481	481
482	foo482	foo482	foo482	0	482	482
483	foo483	foo483	foo483	1	483	483
484	foo484	foo484	foo484	0	484	484
485	foo485	foo485	foo485	1	485	485
486	foo486	foo486	foo486	0	486	486
487	foo487	foo487	foo487	1	487	487
488	foo488	foo488	foo488	0	488	488
489	foo489	foo489	foo489	1	489	489
490	foo490	foo490	foo490	0	490	490
491	foo491	foo491	foo491	1	491	491
492	foo492	foo492	foo492	0	492	492
493	foo493	foo493	foo493	1	493	493
494	foo494	foo494	foo494	0	494	494
495	foo495	foo495	foo495	1	495	495
496	foo496	foo496	foo496	0	496	496
497	foo497	foo497	foo497	1	497	497
498	foo498	foo498	foo498	0	498	498
499	foo499	foo499	foo499	1	499	499
500	foo500	foo500	foo500	0	500	500
501	foo501	foo501	foo501	1	501	501
502	foo502	foo502	foo502	0	502	502
503	foo503	foo503	foo503	1	503	503
504	foo504	foo504	foo504	0	504	504
505	foo505	foo505	foo505	1	505	505
506	foo506	foo506	foo506	0	506	506
507	foo507	foo507	foo507	1	507	507
508	foo508	foo508	foo508	0	508	508
509	foo509	foo509	foo509	1	509	509
510	foo510	foo510	foo510	0	510	510
511	foo511	foo511	foo511	1	511	511
512	foo512	foo512	foo512	0	512	512
513	foo513	foo513	foo513	1	513	513
514	foo514	foo514	foo514	0	514	514
515	foo515	foo515	foo515	1	515	515
516	foo516	foo516	foo516	0	516	516
517	foo517	foo517	foo517	1	517	517
518	foo518	foo518	foo518	0	518	518
519	foo519	foo519	foo519	1	519	519
520	foo520	foo520	foo520	0	520	520
521	foo521	foo521	foo521	1	521	521
522	foo522	foo522	foo522	0	522	522
523	foo523	foo523	foo523	1	523	523
524	foo524	foo524	foo524	0	524	524
525	foo525	foo525	foo525	1	525	525
526	foo526	foo526	foo526	0	526	526
527	foo527	foo527	foo527	1	527	527
528	foo528	foo528	foo528	0	528	528
529	foo529	foo529	foo529	1	529	529
530	foo530	foo530	foo530	0	530	530
531	foo531	foo531	foo531	1	531	531
532	foo532	foo532	foo532	0	532	532
533	foo533	foo533	foo533	1	533	533
534	foo534	foo534	foo534	0	534	534
535	foo535	foo535	foo535	1	535	535
536	foo536	foo536	foo536	0	536	536
537	foo537	foo537	foo537	1	537	537
538	foo538	foo538	foo538	0	538	538
539	foo539	foo539	foo539	1	539	539
540	foo540	foo540	foo540	0	540	540
541	foo541	foo541	foo541	1	541	541
542	foo542	foo542	foo542	0	542	542
543	foo543	foo543	foo543	1	543	543
544	foo544	foo544	foo544	0	544	544
545	foo545	foo545	foo545	1	545	545
546	foo546	foo546	foo546	0	546	546
547	foo547	foo547	foo547	1	547	547
548	foo548	foo548	foo548	0	548	548
549	foo549	foo549	foo549	1	549	549
550	foo550	foo550	foo550	0	550	550
551	foo551	foo551	foo551	1	551	551
552	foo552	foo552	foo552	0	552	552
553	foo553	foo553	foo553	1	553	553
554	foo554	foo554	foo554	0	554	554
555	foo555	foo555	foo555	1	555	555
556	foo556	foo556	foo556	0	556	556
557	foo557	foo557	foo557	1	557	557
558	foo558	foo558	foo558	0	558	558
559	foo559	foo559	foo559	1	559	559
560	foo560	foo560	foo560	0	560	560
561	foo561	foo561	foo561	1	561	561
562	foo562	foo562	foo562	0	562	562
563	foo563	foo563	foo563	1	563	563
564	foo564	foo564	foo564	0	564	564
565	foo565	foo565	foo565	1	565	565
566	foo566	foo566	foo566	0	566	566
567	foo567	foo567	foo567	1	567	567
568	foo568	foo568	foo568	0	568	568
569	foo569	foo569	foo569	1	569	569
570	foo570	foo570	foo570	0	570	570
571	foo571	foo571	foo571	1	571	571
572	foo572	foo572	foo572	0	572	572
573	foo573	foo573	foo573	1	573	573
574	foo574	foo574	foo574	0	574	574
575	foo575	foo575	foo575	1	575	575
576	foo576	foo576	foo576	0	576	576
577	foo577	foo577	foo577	1	577	577
578	foo578	foo578	foo578	0	578	578
579	foo579	foo579	foo579	1	579	579
580	foo580	foo580	foo580	0	580	580
581	foo581	foo581	foo581	1	581	581
582	foo582	foo582	foo582	0	582	582
583	foo583	foo583	foo583	1	583	583
584	foo584	foo584	foo584	0	584	584
585	foo585	foo585	foo585	1	585	585
586	foo586	foo586	foo586	0	586	586
587	foo587	foo587	foo587	1	587	587
588	foo588	foo588	foo588	0	588	588
589	foo589	foo589	foo589	1	589	589
590	foo590	foo590	foo590	0	590	590
591	foo591	foo591	foo591	1	591	591
592	foo592	foo592	foo592	0	592	592
593	foo593	foo593	foo593	1	593	593
594	foo594	foo594	foo594	0	594	594
595	foo595	foo595	foo595	1	595	595
596	foo596	foo596	foo596	0	596	596
597	foo597	foo597	foo597	1	597	597
598	foo598	foo598	foo598	0	598	598
599	foo599	foo599	foo599	1	599	599
600	foo600	foo600	foo600	0	600	600
601	foo601	foo601	foo601	1	601	601
602	foo602	foo602	foo602	0	602	602
603	foo603	foo603	foo603	1	603	603
604	foo604	foo604	foo604	0	604	604
605	foo605	foo605	foo605	1	605	605
606	foo606	foo606	foo606	0	606	606
607	foo607	foo607	foo607	1	607	607
608	foo608	foo608	foo608	0	608	608
609	foo609	foo609	foo609	1	609	609
610	foo610	foo610	foo610	0	610	610
611	foo611	foo611	foo611	1	611	611
612	foo612	foo612	foo612	0	612	612
613	foo613	foo613	foo613	1	613	613
614	foo614	foo614	foo614	0	614	614
615	foo615	foo615	foo615	1	615	615
616	foo616	foo616	foo616	0	616	616
617	foo617	foo617	foo617	1	617	617
618	foo618	foo618	foo618	0	618	618
619	foo619	foo619	foo619	1	619	619
620	foo620	foo620	foo620	0	620	620
621	foo621	foo621	foo621	1	621	621
622	foo622	foo622	foo622	0	622	622
623	foo623	foo623	foo623	1	623	623
624	foo624	foo624	foo624	0	624	624
625	foo625	foo625	foo625	1	625	625
626	foo626	foo626	foo626	0	626	626
627	foo627	foo627	foo627	1	627	627
628	foo628	foo628	foo628	0	628	628
629	foo629	foo629	foo629	1	629	629
630	foo630	foo630	foo630	0	630	630
631	foo631	foo631	foo631	1	631	631
632	foo632	foo632	foo632	0	632	632
633	foo633	foo633	foo633	1	633	633
634	foo634	foo634	foo634	0	634	634
635	foo635	foo635	foo635	1	635	635
636	foo636	foo636	foo636	0	636	636
637	foo637	foo637	foo637	1	637	637
638	foo638	foo638	foo638	0	638	638
639	foo639	foo639	foo639	1	639	639
640	foo640	foo640	foo640	0	640	640
641	foo641	foo641	foo641	1	641	641
642	foo642	foo642	foo642	0	642	642
643	foo643	foo643	foo643	1	643	643
644	foo644	foo644	foo644	0	644	644
645	foo645	foo645	foo645	1	645	645
646	foo646	foo646	foo646	0	646	646
647	foo647	foo647	foo647	1	647	647
648	foo648	foo648	foo648	0	648	648
649	foo649	foo649	foo649	1	649	649
650	foo650	foo650	foo650	0	650	650
651	foo651	foo651	foo651	1	651	651
652	foo652	foo652	foo652	0	652	652
653	foo653	foo653	foo653	1	653	653
654	foo654	foo654	foo654	0	654	654
655	foo655	foo655	foo655	1	655	655
656	foo656	foo656	foo656	0	656	656
657	foo657	foo657	foo657	1	657	657
658	foo658	foo658	foo658	0	658	658
659	foo659	foo659	foo659	1	659	659
660	foo660	foo660	foo660	0	660	660
661	foo661	foo661	foo661	1	661	661
662	foo662	foo662	foo662	0	662	662
663	foo663	foo663	foo663	1	663	663
664	foo664	foo664	foo664	0	664	664
665	foo665	foo665	foo665	1	665	665
666	foo666	foo666	foo666	0	666	666
667	foo667	foo667	foo667	1	667	667
668	foo668	foo668	foo668	0	668	668
669	foo669	foo669	foo669	1	669	669
670	foo670	foo670	foo670	0	670	670
671	foo671	foo671	foo671	1	671	671
672	foo672	foo672	foo672	0	672	672
673	foo673	foo673	foo673	1	673	673
674	foo674	foo674	foo674	0	674	674
675	foo675	foo675	foo675	1	675	675
676	foo676	foo676	foo676	0	676	676
677	foo677	foo677	foo677	1	677	677
678	foo678	foo678	foo678	0	678	678
679	foo679	foo679	foo679	1	679	679
680	foo680	foo680	foo680	0	680	680
681	foo681	foo681	foo681	1	681	681
682	foo682	foo682	foo682	0	682	682
683	foo683	foo683	foo683	1	683	683
684	foo684	foo684	foo684	0	684	684
685	foo685	foo685	foo685	1	685	685
686	foo686	foo686	foo686	0	686	686
687	foo687	foo687	foo687	1	687	687
688	foo688	foo688	foo688	0	688	688
689	foo689	foo689	foo689	1	689	689
690	foo690	foo690	foo690	0	690	690
691	foo691	foo691	foo691	1	691	691
692	foo692	foo692	foo692	0	692	692
693	foo693	foo693	foo693	1	693	693
694	foo694	foo694	foo694	0	694	694
695	foo695	foo695	foo695	1	695	695
696	foo696	foo696	foo696	0	696	696
697	foo697	foo697	foo697	1	697	697
698	foo698	foo698	foo698	0	698	698
699	foo699	foo699	foo699	1	699	699
700	foo700	foo700	foo700	0	700	700
701	foo701	foo701	foo701	1	701	701
702	foo702	foo702	foo702	0	702	702
703	foo703	foo703	foo703	1	703	703
704	foo704	foo704	foo704	0	704	704
705	foo705	foo705	foo705	1	705	705
706	foo706	foo706	foo706	0	706	706
707	foo707	foo707	foo707	1	707	707
708	foo708	foo708	foo708	0	708	708
709	foo709	foo709	foo709	1	709	709
710	foo710	foo710	foo710	0	710	710
711	foo711	foo711	foo711	1	711	711
712	foo712	foo712	foo712	0	712	712
713	foo713	foo713	foo713	1	713	713
714	foo714	foo714	foo714	0	714	714
715	foo715	foo715	foo715	1	715	715
716	foo716	foo716	foo716	0	716	716
717	foo717	foo717	foo717	1	717	717
718	foo718	foo718	foo718	0	718	718
719	foo719	foo719	foo719	1	719	719
720	foo720	foo720	foo720	0	720	720
721	foo721	foo721	foo721	1	721	721
722	foo722	foo722	foo722	0	722	722
723	foo723	foo723	foo723	1	723	723
724	foo724	foo724	foo724	0	724	724
725	foo725	foo725	foo725	1	725	725
726	foo726	foo726	foo726	0	726	726
727	foo727	foo727	foo727	1	727	727
728	foo728	foo728	foo728	0	728	728
729	foo729	foo729	foo729	1	729	729
730	foo730	foo730	foo730	0	730	730
731	foo731	foo731	foo731	1	731	731
732	foo732	foo732	foo732	0	732	732
733	foo733	foo733	foo733	1	733	733
734	foo734	foo734	foo734	0	734	734
735	foo735	foo735	foo735	1	735	735
736	foo736	foo736	foo736	0	736	736
737	foo737	foo737	foo737	1	737	737
738	foo738	foo738	foo738	0	738	738
739	foo739	foo739	foo739	1	739	739
740	foo740	foo740	foo740	0	740	740
741	foo741	foo741	foo741	1	741	741
742	foo742	foo742	foo742	0	742	742
743	foo743	foo743	foo743	1	743	743
744	foo744	foo744	foo744	0	744	744
745	foo745	foo745	foo745	1	745	745
746	foo746	foo746	foo746	0	746	746
747	foo747	foo747	foo747	1	747	747
748	foo748	foo748	foo748	0	748	748
749	foo749	foo749	foo749	1	749	749
750	foo750	foo750	foo750	0	750	750
751	foo751	foo751	foo751	1	751	751
752	foo752	foo752	foo752	0	752	752
753	foo753	foo753	foo753	1	753	753
754	foo754	foo754	foo754	0	754	754
755	foo755	foo755	foo755	1	755	755
756	foo756	foo756	foo756	0	756	756
757	foo757	foo757	foo757	1	757	757
758	foo758	foo758	foo758	0	758	758
759	foo759	foo759	foo759	1	759	759
760	foo760	foo760	foo760	0	760	760
761	foo761	foo761	foo761	1	761	761
762	foo762	foo762	foo762	0	762	762
763	foo763	foo763	foo763	1	763	763
764	foo764	foo764	foo764	0	764	764
765	foo765	foo765	foo765	1	765	765
766	foo766	foo766	foo766	0	766	766
767	foo767	foo767	foo767	1	767	767
768	foo768	foo768	foo768	0	768	768
769	foo769	foo769	foo769	1	769	769
770	foo770	foo770	foo770	0	770	770
771	foo771	foo771	foo771	1	771	771
772	foo772	foo772	foo772	0	772	772
773	foo773	foo773	foo773	1	773	773
774	foo774	foo774	foo774	0	774	774
775	foo775	foo775	foo775	1	775	775
776	foo776	foo776	foo776	0	776	776
777	foo777	foo777	foo777	1	777	777
778	foo778	foo778	foo778	0	778	778
779	foo779	foo779	foo779	1	779	779
780	foo780	foo780	foo780	0	780	780
781	foo781	foo781	foo781	1	781	781
782	foo782	foo782	foo782	0	782	782
783	foo783	foo783	foo783	1	783	783
784	foo784	foo784	foo784	0	784	784
785	foo785	foo785	foo785	1	785	785
786	foo786	foo786	foo786	0	786	786
787	foo787	foo787	foo787	1	787	787
788	foo788	foo788	foo788	0	788	788
789	foo789	foo789	foo789	1	789	789
790	foo790	foo790	foo790	0	790	790
791	foo791	foo791	foo791	1	791	791
792	foo792	foo792	foo792	0	792	792
793	foo793	foo793	foo793	1	793	793
794	foo794	foo794	foo794	0	794	794
795	foo795	foo795	foo795	1	795	795
796	foo796	foo796	foo796	0	796	796
797	foo797	foo797	foo797	1	797	797
798	foo798	foo798	foo798	0	798	798
799	foo799	foo799	foo799	1	799	799
800	foo800	foo800	foo800	0	800	800
801	foo801	foo801	foo801	1	801	801
802	foo802	foo802	foo802	0	802	802
803	foo803	foo803	foo803	1	803	803
804	foo804	foo804	foo804	0	804	804
805	foo805	foo805	foo805	1	805	805
806	foo806	foo806	foo806	0	806	806
807	foo807	foo807	foo807	1	807	807
808	foo808	foo808	foo808	0	808	808
809	foo809	foo809	foo809	1	809	809
810	foo810	foo810	foo810	0	810	810
811	foo811	foo811	foo811	1	811	811
812	foo812	foo812	foo812	0	812	812
813	foo813	foo813	foo813	1	813	813
814	foo814	foo814	foo814	0	814	814
815	foo815	foo815	foo815	1	815	815
816	foo816	foo816	foo816	0	816	816
817	foo817	foo817	foo817	1	817	817
818	foo818	foo818	foo818	0	818	818
819	foo819	foo819	foo819	1	819	819
820	foo820	foo820	foo820	0	820	820
821	foo821	foo821	foo821	1	821	821
822	foo822	foo822	foo822	0	822	822
823	foo823	foo823	foo823	1	823	823
824	foo824	foo824	foo824	0	824	824
825	foo825	foo825	foo825	1	825	825
826	foo826	foo826	foo826	0	826	826
827	foo827	foo827	foo827	1	827	827
828	foo828	foo828	foo828	0	828	828
829	foo829	foo829	foo829	1	829	829
830	foo830	foo830	foo830	0	830	830
831	foo831	foo831	foo831	1	831	831
832	foo832	foo832	foo832	0	832	832
833	foo833	foo833	foo833	1	833	833
834	foo834	foo834	foo834	0	834	834
835	foo835	foo835	foo835	1	835	835
836	foo836	foo836	foo836	0	836	836
837	foo837	foo837	foo837	1	837	837
838	foo838	foo838	foo838	0	838	838
839	foo839	foo839	foo839	1	839	839
840	foo840	foo840	foo840	0	840	840
841	foo841	foo841	foo841	1	841	841
842	foo842	foo842	foo842	0	842	842
843	foo843	foo843	foo843	1	843	843
844	foo844	foo844	foo844	0	844	844
845	foo845	foo845	foo845	1	845	845
846	foo846	foo846	foo846	0	846	846
847	foo847	foo847	foo847	1	847	847
848	foo848	foo848	foo848	0	848	848
849	foo849	foo849	foo849	1	849	849
850	foo850	foo850	foo850	0	850	850
851	foo851	foo851	foo851	1	851	851
852	foo852	foo852	foo852	0	852	852
853	foo853	foo853	foo853	1	853	853
854	foo854	foo854	foo854	0	854	854
855	foo855	foo855	foo855	1	855	855
856	foo856	foo856	foo856	0	856	856
857	foo857	foo857	foo857	1	857	857
858	foo858	foo858	foo858	0	858	858
859	foo859	foo859	foo859	1	859	859
860	foo860	foo860	foo860	0	860	860
861	foo861	foo861	foo861	1	861	861
862	foo862	foo862	foo862	0	862	862
863	foo863	foo863	foo863	1	863	863
864	foo864	foo864	foo864	0	864	864
865	foo865	foo865	foo865	1	865	865
866	foo866	foo866	foo866	0	866	866
867	foo867	foo867	foo867	1	867	867
868	foo868	foo868	foo868	0	868	868
869	foo869	foo869	foo869	1	869	869
870	foo870	foo870	foo870	0	870	870
871	foo871	foo871	foo871	1	871	871
872	foo872	foo872	foo872	0	872	872
873	foo873	foo873	foo873	1	873	873
874	foo874	foo874	foo874	0	874	874
875	foo875	foo875	foo875	1	875	875
876	foo876	foo876	foo876	0	876	876
877	foo877	foo877	foo877	1	877	877
878	foo878	foo878	foo878	0	878	878
879	foo879	foo879	foo879	1	879	879
880	foo880	foo880	foo880	0	880	880
881	foo881	foo881	foo881	1	881	881
882	foo882	foo882	foo882	0	882	882
883	foo883	foo883	foo883	1	883	883
884	foo884	foo884	foo884	0	884	884
885	foo885	foo885	foo885	1	885	885
886	foo886	foo886	foo886	0	886	886
887	foo887	foo887	foo887	1	887	887
888	foo888	foo888	foo888	0	888	888
889	foo889	foo889	foo889	1	889	889
890	foo890	foo890	foo890	0	890	890
891	foo891	foo891	foo891	1	891	891
892	foo892	foo892	foo892	0	892	892
893	foo893	foo893	foo893	1	893	893
894	foo894	foo894	foo894	0	894	894
895	foo895	foo895	foo895	1	895	895
896	foo896	foo896	foo896	0	896	896
897	foo897	foo897	foo897	1	897	897
898	foo898	foo898	foo898	0	898	898
899	foo899	foo899	foo899	1	899	899
900	foo900	foo900	foo900	0	900	900
901	foo901	foo901	foo901	1	901	901
902	foo902	foo902	foo902	0	902	902
903	foo903	foo903	foo903	1	903	903
904	foo904	foo904	foo904	0	904	904
905	foo905	foo905	foo905	1	905	905
906	foo906	foo906	foo906	0	906	906
907	foo907	foo907	foo907	1	907	907
908	foo908	foo908	foo908	0	908	908
909	foo909	foo909	foo909	1	909	909
910	foo910	foo910	foo910	0	910	910
911	foo911	foo911	foo911	1	911	911
912	foo912	foo912	foo912	0	912	912
913	foo913	foo913	foo913	1	913	913
914	foo914	foo914	foo914	0	914	914
915	foo915	foo915	foo915	1	915	915
916	foo916	foo916	foo916	0	916	916
917	foo917	foo917	foo917	1	917	917
918	foo918	foo918	foo918	0	918	918
919	foo919	foo919	foo919	1	919	919
920	foo920	foo920	foo920	0	920	920
921	foo921	foo921	foo921	1	921	921
922	foo922	foo922	foo922	0	922	922
923	foo923	foo923	foo923	1	923	923
924	foo924	foo924	foo924	0	924	924
925	foo925	foo925	foo925	1	925	925
926	foo926	foo926	foo926	0	926	926
927	foo927	foo927	foo927	1	927	927
928	foo928	foo928	foo928	0	928	928
929	foo929	foo929	foo929	1	929	929
930	foo930	foo930	foo930	0	930	930
931	foo931	foo931	foo931	1	931	931
932	foo932	foo932	foo932	0	932	932
933	foo933	foo933	foo933	1	933	933
934	foo934	foo934	foo934	0	934	934
935	foo935	foo935	foo935	1	935	935
936	foo936	foo936	foo936	0	936	936
937	foo937	foo937	foo937	1	937	937
938	foo938	foo938	foo938	0	938	938
939	foo939	foo939	foo939	1	939	939
940	foo940	foo940	foo940	0	940	940
941	foo941	foo941	foo941	1	941	941
942	foo942	foo942	foo942	0	942	942
943	foo943	foo943	foo943	1	943	943
944	foo944	foo944	foo944	0	944	944
945	foo945	foo945	foo945	1	945	945
946	foo946	foo946	foo946	0	946	946
947	foo947	foo947	foo947	1	947	947
948	foo948	foo948	foo948	0	948	948
949	foo949	foo949	foo949	1	949	949
950	foo950	foo950	foo950	0	950	950
951	foo951	foo951	foo951	1	951	951
952	foo952	foo952	foo952	0	952	952
953	foo953	foo953	foo953	1	953	953
954	foo954	foo954	foo954	0	954	954
955	foo955	foo955	foo955	1	955	955
956	foo956	foo956	foo956	0	956	956
957	foo957	foo957	foo957	1	957	957
958	foo958	foo958	foo958	0	958	958
959	foo959	foo959	foo959	1	959	959
960	foo960	foo960	foo960	0	960	960
961	foo961	foo961	foo961	1	961	961
962	foo962	foo962	foo962	0	962	962
963	foo963	foo963	foo963	1	963	963
964	foo964	foo964	foo964	0	964	964
965	foo965	foo965	foo965	1	965	965
966	foo966	foo966	foo966	0	966	966
967	foo967	foo967	foo967	1	967	967
968	foo968	foo968	foo968	0	968	968
969	foo969	foo969	foo969	1	969	969
970	foo970	foo970	foo970	0	970	970
971	foo971	foo971	foo971	1	971	971
972	foo972	foo972	foo972	0	972	972
973	foo973	foo973	foo973	1	973	973
974	foo974	foo974	foo974	0	974	974
975	foo975	foo975	foo975	1	975	975
976	foo976	foo976	foo976	0	976	976
977	foo977	foo977	foo977	1	977	977
978	foo978	foo978	foo978	0	978	978
979	foo979	foo979	foo979	1	979	979
980	foo980	foo980	foo980	0	980	980
981	foo981	foo981	foo981	1	981	981
982	foo982	foo982	foo982	0	982	982
983	foo983	foo983	foo983	1	983	983
984	foo984	foo984	foo984	0	984	984
985	foo985	foo985	foo985	1	985	985
986	foo986	foo986	foo986	0	986	986
987	foo987	foo987	foo987	1	987	987
988	foo988	foo988	foo988	0	988	988
989	foo989	foo989	foo989	1	989	989
990	foo990	foo990	foo990	0	990	990
991	foo991	foo991	foo991	1	991	991
992	foo992	foo992	foo992	0	992	992
993	foo993	foo993	foo993	1	993	993
994	foo994	foo994	foo994	0	994	994
995	foo995	foo995	foo995	1	995	995
996	foo996	foo996	foo996	0	996	996
997	foo997	foo997	foo997	1	997	997
998	foo998	foo998	foo998	0	998	998
999	foo999	foo999	foo999	1	999	999
1000	foo0	foo0	foo1000	0	1000	1000
1001	foo1	foo1	foo1001	1	1001	1001
1002	foo2	foo2	foo1002	0	1002	1002
1003	foo3	foo3	foo1003	1	1003	1003
1004	foo4	foo4	foo1004	0	1004	1004
1005	foo5	foo5	foo1005	1	1005	1005
1006	foo6	foo6	foo1006	0	1006	1006
1007	foo7	foo7	foo1007	1	1007	1007
1008	foo8	foo8	foo1008	0	1008	1008
1009	foo9	foo9	foo1009	1	1009	1009
1010	foo10	foo10	foo1010	0	1010	1010
1011	foo11	foo11	foo1011	1	1011	1011
1012	foo12	foo12	foo1012	0	1012	1012
1013	foo13	foo13	foo1013	1	1013	1013
1014	foo14	foo14	foo1014	0	1014	1014
1015	foo15	foo15	foo1015	1	1015	1015
1016	foo16	foo16	foo1016	0	1016	1016
1017	foo17	foo17	foo1017	1	1017	1017
1018	foo18	foo18	foo1018	0	1018	1018
1019	foo19	foo19	foo1019	1	1019	1019
1020	foo20	foo20	foo1020	0	1020	1020
1021	foo21	foo21	foo1021	1	1021	1021
1022	foo22	foo22	foo1022	0	1022	1022
1023	foo23	foo23	foo1023	1	1023	1023
1024	foo24	foo24	foo1024	0	1024	1024
1025	foo25	foo25	foo1025	1	1025	1025
1026	foo26	foo26	foo1026	0	1026	1026
1027	foo27	foo27	foo1027	1	1027	1027
1028	foo28	foo28	foo1028	0	1028	1028
1029	foo29	foo29	foo1029	1	1029	1029
1030	foo30	foo30	foo1030	0	1030	1030
1031	foo31	foo31	foo1031	1	1031	1031
1032	foo32	foo32	foo1032	0	1032	1032
1033	foo33	foo33	foo1033	1	1033	1033
1034	foo34	foo34	foo1034	0	1034	1034
1035	foo35	foo35	foo1035	1	1035	1035
1036	foo36	foo36	foo1036	0	1036	1036
1037	foo37	foo37	foo1037	1	1037	1037
1038	foo38	foo38	foo1038	0	1038	1038
1039	foo39	foo39	foo1039	1	1039	1039
1040	foo40	foo40	foo1040	0	1040	1040
1041	foo41	foo41	foo1041	1	1041	1041
1042	foo42	foo42	foo1042	0	1042	1042
1043	foo43	foo43	foo1043	1	1043	1043
1044	foo44	foo44	foo1044	0	1044	1044
1045	foo45	foo45	foo1045	1	1045	1045
1046	foo46	foo46	foo1046	0	1046	1046
1047	foo47	foo47	foo1047	1	1047	1047
1048	foo48	foo48	foo1048	0	1048	1048
1049	foo49	foo49	foo1049	1	1049	1049
1050	foo50	foo50	foo1050	0	1050	1050
1051	foo51	foo51	foo1051	1	1051	1051
1052	foo52	foo52	foo1052	0	1052	1052
1053	foo53	foo53	foo1053	1	1053	1053
1054	foo54	foo54	foo1054	0	1054	1054
1055	foo55	foo55	foo1055	1	1055	1055
1056	foo56	foo56	foo1056	0	1056	1056
1057	foo57	foo57	foo1057	1	1057	1057
1058	foo58	foo58	foo1058	0	1058	1058
1059	foo59	foo59	foo1059	1	1059	1059
1060	foo60	foo60	foo1060	0	1060	1060
1061	foo61	foo61	foo1061	1	1061	1061
1062	foo62	foo62	foo1062	0	1062	1062
1063	foo63	foo63	foo1063	1	1063	1063
1064	foo64	foo64	foo1064	0	1064	1064
1065	foo65	foo65	foo1065	1	1065	1065
1066	foo66	foo66	foo1066	0	1066	1066
1067	foo67	foo67	foo1067	1	1067	1067
1068	foo68	foo68	foo1068	0	1068	1068
1069	foo69	foo69	foo1069	1	1069	1069
1070	foo70	foo70	foo1070	0	1070	1070
1071	foo71	foo71	foo1071	1	1071	1071
1072	foo72	foo72	foo1072	0	1072	1072
1073	foo73	foo73	foo1073	1	1073	1073
1074	foo74	foo74	foo1074	0	1074	1074
1075	foo75	foo75	foo1075	1	1075	1075
1076	foo76	foo76	foo1076	0	1076	1076
1077	foo77	foo77	foo1077	1	1077	1077
1078	foo78	foo78	foo1078	0	1078	1078
1079	foo79	foo79	foo1079	1	1079	1079
1080	foo80	foo80	foo1080	0	1080	1080
1081	foo81	foo81	foo1081	1	1081	1081
1082	foo82	foo82	foo1082	0	1082	1082
1083	foo83	foo83	foo1083	1	1083	1083
1084	foo84	foo84	foo1084	0	1084	1084
1085	foo85	foo85	foo1085	1	1085	1085
1086	foo86	foo86	foo1086	0	1086	1086
1087	foo87	foo87	foo1087	1	1087	1087
1088	foo88	foo88	foo1088	0	1088	1088
1089	foo89	foo89	foo1089	1	1089	1089
1090	foo90	foo90	foo1090	0	1090	1090
1091	foo91	foo91	foo1091	1	1091	1091
1092	foo92	foo92	foo1092	0	1092	1092
1093	foo93	foo93	foo1093	1	1093	1093
1094	foo94	foo94	foo1094	0	1094	1094
1095	foo95	foo95	foo1095	1	1095	1095
1096	foo96	foo96	foo1096	0	1096	1096
1097	foo97	foo97	foo1097	1	1097	1097
1098	foo98	foo98	foo1098	0	1098	1098
1099	foo99	foo99	foo1099	1	1099	1099
1100	foo100	foo100	foo1100	0	1100	1100
1101	foo101	foo101	foo1101	1	1101	1101
1102	foo102	foo102	foo1102	0	1102	1102
1103	foo103	foo103	foo1103	1	1103	1103
1104	foo104	foo104	foo1104	0	1104	1104
1105	foo105	foo105	foo1105	1	1105	1105
1106	foo106	foo106	foo1106	0	1106	1106
1107	foo107	foo107	foo1107	1	1107	1107
1108	foo108	foo108	foo1108	0	1108	1108
1109	foo109	foo109	foo1109	1	1109	1109
1110	foo110	foo110	foo1110	0	1110	1110
1111	foo111	foo111	foo1111	1	1111	1111
1112	foo112	foo112	foo1112	0	1112	1112
1113	foo113	foo113	foo1113	1	1113	1113
1114	foo114	foo114	foo1114	0	1114	1114
1115	foo115	foo115	foo1115	1	1115	1115
1116	foo116	foo116	foo1116	0	1116	1116
1117	foo117	foo117	foo1117	1	1117	1117
1118	foo118	foo118	foo1118	0	1118	1118
1119	foo119	foo119	foo1119	1	1119	1119
1120	foo120	foo120	foo1120	0	1120	1120
1121	foo121	foo121	foo1121	1	1121	1121
1122	foo122	foo122	foo1122	0	1122	1122
1123	foo123	foo123	foo1123	1	1123	1123
1124	foo124	foo124	foo1124	0	1124	1124
1125	foo125	foo125	foo1125	1	1125	1125
1126	foo126	foo126	foo1126	0	1126	1126
1127	foo127	foo127	foo1127	1	1127	1127
1128	foo128	foo128	foo1128	0	1128	1128
1129	foo129	foo129	foo1129	1	1129	1129
1130	foo130	foo130	foo1130	0	1130	1130
1131	foo131	foo131	foo1131	1	1131	1131
1132	foo132	foo132	foo1132	0	1132	1132
1133	foo133	foo133	foo1133	1	1133	1133
1134	foo134	foo134	foo1134	0	1134	1134
1135	foo135	foo135	foo1135	1	1135	1135
1136	foo136	foo136	foo1136	0	1136	1136
1137	foo137	foo137	foo1137	1	1137	1137
1138	foo138	foo138	foo1138	0	1138	1138
1139	foo139	foo139	foo1139	1	1139	1139
1140	foo140	foo140	foo1140	0	1140	1140
1141	foo141	foo141	foo1141	1	1141	1141
1142	foo142	foo142	foo1142	0	1142	1142
1143	foo143	foo143	foo1143	1	1143	1143
1144	foo144	foo144	foo1144	0	1144	1144
1145	foo145	foo145	foo1145	1	1145	1145
1146	foo146	foo146	foo1146	0	1146	1146
1147	foo147	foo147	foo1147	1	1147	1147
1148	foo148	foo148	foo1148	0	1148	1148
1149	foo149	foo149	foo1149	1	1149	1149
1150	foo150	foo150	foo1150	0	1150	1150
1151	foo151	foo151	foo1151	1	1151	1151
1152	foo152	foo152	foo1152	0	1152	1152
1153	foo153	foo153	foo1153	1	1153	1153
1154	foo154	foo154	foo1154	0	1154	1154
1155	foo155	foo155	foo1155	1	1155	1155
1156	foo156	foo156	foo1156	0	1156	1156
1157	foo157	foo157	foo1157	1	1157	1157
1158	foo158	foo158	foo1158	0	1158	1158
1159	foo159	foo159	foo1159	1	1159	1159
1160	foo160	foo160	foo1160	0	1160	1160
1161	foo161	foo161	foo1161	1	1161	1161
1162	foo162	foo162	foo1162	0	1162	1162
1163	foo163	foo163	foo1163	1	1163	1163
1164	foo164	foo164	foo1164	0	1164	1164
1165	foo165	foo165	foo1165	1	1165	1165
1166	foo166	foo166	foo1166	0	1166	1166
1167	foo167	foo167	foo1167	1	1167	1167
1168	foo168	foo168	foo1168	0	1168	1168
1169	foo169	foo169	foo1169	1	1169	1169
1170	foo170	foo170	foo1170	0	1170	1170
1171	foo171	foo171	foo1171	1	1171	1171
1172	foo172	foo172	foo1172	0	1172	1172
1173	foo173	foo173	foo1173	1	1173	1173
1174	foo174	foo174	foo1174	0	1174	1174
1175	foo175	foo175	foo1175	1	1175	1175
1176	foo176	foo176	foo1176	0	1176	1176
1177	foo177	foo177	foo1177	1	1177	1177
1178	foo178	foo178	foo1178	0	1178	1178
1179	foo179	foo179	foo1179	1	1179	1179
1180	foo180	foo180	foo1180	0	1180	1180
1181	foo181	foo181	foo1181	1	1181	1181
1182	foo182	foo182	foo1182	0	1182	1182
1183	foo183	foo183	foo1183	1	1183	1183
1184	foo184	foo184	foo1184	0	1184	1184
1185	foo185	foo185	foo1185	1	1185	1185
1186	foo186	foo186	foo1186	0	1186	1186
1187	foo187	foo187	foo1187	1	1187	1187
1188	foo188	foo188	foo1188	0	1188	1188
1189	foo189	foo189	foo1189	1	1189	1189
1190	foo190	foo190	foo1190	0	1190	1190
1191	foo191	foo191	foo1191	1	1191	1191
1192	foo192	foo192	foo1192	0	1192	1192
1193	foo193	foo193	foo1193	1	1193	1193
1194	foo194	foo194	foo1194	0	1194	1194
1195	foo195	foo195	foo1195	1	1195	1195
1196	foo196	foo196	foo1196	0	1196	1196
1197	foo197	foo197	foo1197	1	1197	1197
1198	foo198	foo198	foo1198	0	1198	1198
1199	foo199	foo199	foo1199	1	1199	1199
1200	foo200	foo200	foo1200	0	1200	1200
1201	foo201	foo201	foo1201	1	1201	1201
1202	foo202	foo202	foo1202	0	1202	1202
1203	foo203	foo203	foo1203	1	1203	1203